<?xml version="1.0" encoding="UTF-8"?>
<Database><Setting type="131072"><Driver></Driver><DriverFiles></DriverFiles><Dialect></Dialect><DriverClass></DriverClass><URL></URL><UserName></UserName><Password></Password><HostName></HostName><PortNO></PortNO><DBName></DBName><ServiceName></ServiceName><ServerName></ServerName><SelectedForm>true</SelectedForm></Setting><Setting type="64"><Driver></Driver><DriverFiles></DriverFiles><Dialect></Dialect><DriverClass></DriverClass><URL></URL><UserName></UserName><Password></Password><HostName></HostName><PortNO></PortNO><DBName></DBName><ServiceName></ServiceName><ServerName></ServerName><SelectedForm>true</SelectedForm></Setting><Setting type="32768"><Driver></Driver><DriverFiles></DriverFiles><Dialect></Dialect><DriverClass></DriverClass><URL></URL><UserName></UserName><Password></Password><HostName></HostName><PortNO></PortNO><DBName></DBName><ServiceName></ServiceName><ServerName></ServerName><SelectedForm>true</SelectedForm></Setting><Setting type="16"><Driver></Driver><DriverFiles></DriverFiles><Dialect></Dialect><DriverClass></DriverClass><URL></URL><UserName></UserName><Password></Password><HostName></HostName><PortNO></PortNO><DBName></DBName><ServiceName></ServiceName><ServerName></ServerName><SelectedForm>true</SelectedForm></Setting><Setting type="128"><Driver></Driver><DriverFiles></DriverFiles><Dialect></Dialect><DriverClass></DriverClass><URL></URL><UserName></UserName><Password></Password><HostName></HostName><PortNO></PortNO><DBName></DBName><ServiceName></ServiceName><ServerName></ServerName><SelectedForm>true</SelectedForm></Setting><Setting type="1024"><Driver></Driver><DriverFiles></DriverFiles><Dialect></Dialect><DriverClass></DriverClass><URL></URL><UserName></UserName><Password></Password><HostName></HostName><PortNO></PortNO><DBName></DBName><ServiceName></ServiceName><ServerName></ServerName><SelectedForm>true</SelectedForm></Setting><Setting type="65536"><Driver></Driver><DriverFiles></DriverFiles><Dialect></Dialect><DriverClass></DriverClass><URL></URL><UserName></UserName><Password></Password><HostName></HostName><PortNO></PortNO><DBName></DBName><ServiceName></ServiceName><ServerName></ServerName><SelectedForm>true</SelectedForm></Setting><Setting type="32"><Driver></Driver><DriverFiles></DriverFiles><Dialect></Dialect><DriverClass></DriverClass><URL></URL><UserName></UserName><Password></Password><HostName></HostName><PortNO></PortNO><DBName></DBName><ServiceName></ServiceName><ServerName></ServerName><SelectedForm>true</SelectedForm></Setting><Setting type="16384"><Driver></Driver><DriverFiles></DriverFiles><Dialect></Dialect><DriverClass></DriverClass><URL></URL><UserName></UserName><Password></Password><HostName></HostName><PortNO></PortNO><DBName></DBName><ServiceName></ServiceName><ServerName></ServerName><SelectedForm>true</SelectedForm></Setting><Setting type="8"><Driver></Driver><DriverFiles></DriverFiles><Dialect></Dialect><DriverClass></DriverClass><URL></URL><UserName></UserName><Password></Password><HostName></HostName><PortNO></PortNO><DBName></DBName><ServiceName></ServiceName><ServerName></ServerName><SelectedForm>true</SelectedForm></Setting><Setting type="512"><Driver></Driver><DriverFiles></DriverFiles><Dialect></Dialect><DriverClass></DriverClass><URL></URL><UserName></UserName><Password></Password><HostName></HostName><PortNO></PortNO><DBName></DBName><ServiceName></ServiceName><ServerName></ServerName><SelectedForm>true</SelectedForm></Setting><Setting type="8192"><Driver></Driver><DriverFiles></DriverFiles><Dialect></Dialect><DriverClass></DriverClass><URL></URL><UserName></UserName><Password></Password><HostName></HostName><PortNO></PortNO><DBName></DBName><ServiceName></ServiceName><ServerName></ServerName><SelectedForm>true</SelectedForm></Setting><Setting type="256"><Driver></Driver><DriverFiles></DriverFiles><Dialect></Dialect><DriverClass></DriverClass><URL></URL><UserName></UserName><Password></Password><HostName></HostName><PortNO></PortNO><DBName></DBName><ServiceName></ServiceName><ServerName></ServerName><SelectedForm>true</SelectedForm></Setting><Setting type="4096"><Driver></Driver><DriverFiles></DriverFiles><Dialect></Dialect><DriverClass></DriverClass><URL></URL><UserName></UserName><Password></Password><HostName></HostName><PortNO></PortNO><DBName></DBName><ServiceName></ServiceName><ServerName></ServerName><SelectedForm>true</SelectedForm></Setting><Setting type="2"><Driver>MySQL (Connector/J Driver)</Driver><DriverFiles></DriverFiles><Dialect>org.hibernate.dialect.MySQLDialect</Dialect><DriverClass>com.mysql.jdbc.Driver</DriverClass><URL>jdbc:mysql://&lt;host_name&gt;:&lt;port_number&gt;/&lt;database_name&gt;</URL><UserName>sa</UserName><Password></Password><HostName></HostName><PortNO></PortNO><DBName></DBName><ServiceName></ServiceName><ServerName></ServerName><SelectedForm>true</SelectedForm></Setting><Setting type="2048"><Driver></Driver><DriverFiles></DriverFiles><Dialect></Dialect><DriverClass></DriverClass><URL></URL><UserName></UserName><Password></Password><HostName></HostName><PortNO></PortNO><DBName></DBName><ServiceName></ServiceName><ServerName></ServerName><SelectedForm>true</SelectedForm></Setting></Database>