<?xml version="1.0" encoding="UTF-8"?>
<Hibernate>
	<NHibernate AdapterPath="" Assembly="" ConnectionProvider="NHibernate.Connection.DriverConnectionProvider" ConnectionString="" DLLDir="" DatabaseDriverName="" Dialect="" DotNetFrameWorkDir="" DotNetVersion="20" Driver="" DriverPath="" FrameworkDir="" GenerateCSSample="true" GenerateCSharpProject="true" GenerateDLL="false" GenerateNullableType="true" ProjectFileType="0" PropertyCodeStyle="0"/>
	<JavaHibernate ConnectionURL="jdbc:mysql://&lt;host_name&gt;:&lt;port_number&gt;/&lt;database_name&gt;" DefaultDB="2" Dialect="org.hibernate.dialect.MySQLDialect" DriverClasspath="" GenerateAntFile="true" GenerateBatch="false" GenerateJspSample="false" GenerateServletFilter="false" GenerateServletSample="false" GenerateShellScript="true" JDBCDriverClass="com.mysql.jdbc.Driver" JDBCDriverName="MySQL (Connector/J Driver)" JDKPath="" Password="" SupportDBs="2" UserName="sa" WrappingServletReq="-1"/>
	<CacheConfiguration>
		<EHCacheConfiguration DiskStorePath="java.io.tmpdir" Eternal="false" MaxInMemory="10000" OverflowToDisk="true" TimeToIdle="120" TimeToLive="120"/>
		<OSCacheConfiguration CacheAlgorithm="" CacheCapacity="1000" CacheDirectory="" CacheKey="" CacheMemory="(Default)" EventListeners="" PersistenceClass="" UnlimitedDisk="false" UseHostDomainKey="(Default)"/>
		<TreeCacheConfiguration CacheModel="LOCAL" ClusterName="TreeCache-Cluster" InitialStateRetrievalTimeout="20000" IsolationLevel="REPEATABLE_READ" LockAcquisitionTimeout="15000" LockLeaseTimeout="60000" MaxCapacity="20000" SyncReplTimeout="10000"/>
		<SysCacheConfiguration Prority="Not Set" RelativeExpiration="0" StaticExpiration="" UseRelativeExpiration="true"/>
	</CacheConfiguration>
	<PHPHibernate AdapterClass="" AdapterDriver="" AdapterPath="" AutoFlush="false" CompiledFolder="compiled" DNS="" Dialect="" SrcFolder="classes"/>
	<ConnectionPool AcquireIncrement="1" IdleTest="0" MaximumConnections="15" MinimumConnections="1" Timeout="0" UseConnectionPool="true"/>
	<Naming ColumnNameCase="0" ColumnNamePrefix="" ColumnNameSuffix="" TableNameCase="0" TableNamePrefix="" TableNameSuffix=""/>
	<Collection Lazy="0" OrderedType="List" UnorderedType="Set"/>
	<Code CacheOption="0" CodeTemplate="0" CompositeIDWithAssociation="0" CustomPersistentManager="false" DeployTo="4" ErrorHandling="1" FlushMode="Auto" GenCriteria="true" Generate="true" GenerateMapping="0" GeneratePropertyConstant="false" GenerateSample="true" GetterSetterVisibility="0" MappingColumnOrder="0" MappingType="0" MappingTypeForDate="0" PersistentAPI="0" PersistentManagerPackage="orm" ProgrammingLang="5" Serializable="false" ShowException="1" Source="" ToString="1"/>
	<Database ConnectionDialect="" CreateDatabase="false" DBConnection="0" DSJNDIName="" DSPassword="" DSUsername="" Generate="true" GenerateDDL="true" JNDIInitialContextFactoryClass="" JNDIProviderURL="" Mode="0" QuoteSQLIdentifier="3" TableCharset="" TransactionFactory="" TransactionMangerClass=""/>
	<EOF EOFDefaultDatabase="1"/>
	<Misc LastPMPackage=""/>
</Hibernate>